{
  "element": "Ag",
  "packing": "fcc",
  "miller": [
    2,
    1,
    1
  ],
  "requested_layers": 5,
  "detected_layer_count": 10,
  "cell": [
    [
      9.234960747074132,
      0.0,
      0.0
    ],
    [
      7.387968597659305,
      9.048376649985345,
      0.0
    ],
    [
      0.0,
      0.0,
      37.58729447827089
    ]
  ],
  "total_atoms": 40,
  "surface_atoms": [
    14,
    16,
    18
  ],
  "bridge_sites": [
    [
      14,
      15
    ],
    [
      14,
      16
    ],
    [
      14,
      19
    ],
    [
      16,
      17
    ],
    [
      18,
      19
    ]
  ],
  "threefold_sites": [],
  "threefold_types": [],
  "fourfold_sites": [],
  "fourfold_types": [],
  "frozen_atoms": [
    0,
    1,
    2,
    3,
    4,
    5,
    6,
    7,
    20,
    21,
    22,
    23,
    24,
    25,
    26,
    27
  ]
}