{
  "element": "Ag",
  "packing": "fcc",
  "miller": [
    1,
    1,
    0
  ],
  "requested_layers": 3,
  "detected_layer_count": 6,
  "cell": [
    [
      11.681404025201765,
      0.0,
      0.0
    ],
    [
      0.0,
      8.26,
      0.0
    ],
    [
      0.0,
      0.0,
      37.300877515751104
    ]
  ],
  "total_atoms": 48,
  "surface_atoms": [
    8,
    9
  ],
  "bridge_sites": [
    [
      8,
      9
    ],
    [
      8,
      11
    ],
    [
      9,
      10
    ]
  ],
  "threefold_sites": [],
  "threefold_types": [],
  "fourfold_sites": [
    [
      9,
      21,
      34,
      46
    ]
  ],
  "fourfold_types": [
    "fourfold"
  ],
  "frozen_atoms": [
    0,
    1,
    2,
    3,
    4,
    7,
    12,
    13,
    14,
    15,
    16,
    19,
    24,
    25,
    26,
    27,
    28,
    31,
    36,
    37,
    38,
    39,
    40,
    43
  ]
}